url,label
https://mypost.ycaskp.help/au/service/22/,1
http://www.bduedu.in/pay-fees/,1
https://geminibalance.520131401.xyz/,1
https://robloxr.com.es/users/1140465374/profile,1
https://www.robiox.com.py/users/225612695322/profile,1
https://ofertascomvalor.online/,1
https://notafakedomain.org/landing/form/4fc26f2a-8ba7-4a4f-be6e-c28ed289a769,1
https://facebooken.login.piotrpiotr.pl/,1
https://notafakedomain.org/landing/form/1324ac96-1f7e-4857-a6e6-c2c2412c3d95,1
https://www.rnicrosoft-exchange.com/terms-office@austrogate.net.html,1
https://20-215-200-29.cprapid.com/ch/update.php?zv15hvqkprpwp29hkqa1,1
https://rozy.standard.us-east-1.oortstorages.com/chuk.znc?eta=3mail@a.b.c0/,1
https://rozy.standard.us-east-1.oortstorages.com/rozz.znc?eta=3mail@a.b.c0/,1
http://4a60b417-zimbra-8d7f-web-o4286-fd24f6.netlify.app/zm/,1
https://pyro.sg/--/infos.php,1
https://robiox.com.af/users/3526449442/profile,1
http://pub-7286888a4a30420ca43a0a3961b944c0.r2.dev/index.html,1
https://notafakedomain.org/landing/form/a3227ad0-60e6-45a7-ad36-90be3bfb0da8,1
https://mdfarhan2550.github.io/amazon-clone/,1
https://gigorup.com/Slcmu/,1
https://www.rnicrosoft-exchange.com/terms-info@antiphishing.ch.html,1
https://www.rnicrosoft-exchange.com/terms-info@admin.ch.html,1
https://hiyaa1501.github.io/Amazon-clone/,1
https://glistening-platypus-505378.netlify.app/,1
https://699a26ca1eae9cec8700576e--glistening-platypus-505378.netlify.app/,1
https://slippy0.github.io/login-verification/,1
https://one.link/kalashnikprod/,1
https://roblox.com.py/users/138990910/profile,1
https://roblox.com.ge/games/17812058042/Very-dirty?privateServerLinkCode=59503397180471389350351663796083,1
https://faceb000k.duckdns.org/,1
http://www.faceb000k.duckdns.org/,1
https://centralpedagiodigital.info/,1
http://digitalflowpedagioon.com/,1
https://roblox.com.ly/discover/?Keyword=,1
https://cosmic-rain-zen.vercel.app/,1
https://www.robiox.com.py/users/232610146785/profile,1
https://0ab565e91b860448b7e019fa26494e9.paris-hotel-latin-quarter.com/auth/login.php,1
https://0ab565e91b860448b7e019fa26494e9.paris-hotel-latin-quarter.com/,1
http://actlife.com/kohnkast/auth/index.php/emverify.php,1
http://workservermoyasset.cyou/Shor/Care/,1
https://goodluck.pk/secure/auth/login.php,1
https://zimbras-wondrous-site.webflow.io/,1
http://goodluck.pk/secure,1
https://junomaildior.weebly.com/,1
https://shivansh-singh1.github.io/Netfilx-Clone,1
https://www.robiox.com.py/users/308948519545/profile,1
https://mega-neo-dragon.vercel.app/,1
https://www.robiox.com.py/users/277848505652/profile,1
https://cartoesshopee.site/,1
https://notifyhubss.net/1e8aed6e7542154e59g837afed10349cc75d.html,1
https://www.roblox.com.ml/users/2626901176/profile,1
http://blockchainlogin.webflow.io/,1
http://roblox.com.ml/communities/6347345217/Glen-2nd-Official,1
https://www.metamask-wagmi-demo.vercel.app/,1
http://beamish-dragon-5e1436.netlify.app/,1
https://comercialdominguito.com/js/index/login.php?lang=de,1
https://www.robiox.com.py/games/121864768012064/UPD-Fish-It?privateServerLinkCode=511999485846284283514187701511,1
https://stream-chrome-azure.vercel.app/,1
http://iocs.scanio.top/,1
https://config-prog.github.io/Config/,1
https://roblox.com.py/communities/9815085906/OnlyTheFamily,1
https://pblnphck.uk.cc/qh/hoem.html,1
https://pblnphck.uk.cc/qh,1
https://trezorcover.io/,1
http://gorevmerkezi.it.com/,1
http://ws-what01.com/,1
https://olptyi.github.io/nb/face/?id=8553267554,1
http://284793coinbase.com/,1
https://amz.aiometrix.com/en/login/,1
https://www.mymailbrinksternetsergr.vercel.app/,1
http://kalpana-chavhan.github.io/netflix-clone/,1
http://costumern-payllternew.monacruz.biz.id/,1
http://dgreatpay.frgsx.web.id/,1
https://kukonlgnty.webflow.io/,1
https://www.updateterms.com/,1
https://www.ma-carte-renouvellement.com/pages/billing.php,1
https://www.ma-carte-renouvellement.com/,1
https://netfimarketing.com/f29480d7fva84944e3b9bd275a8s08f5b094.html,1
https://eagle-steel-rush.vercel.app/,1
https://roblox.com.ge/games/6735572261/Pilgrammed?privateServerLinkCode=02190217210793507587547482862447,1
https://roblox.gs/users/5240676011/profile,1
https://classicinema.pl/slpw/jQuery/kr/index.php/,1
http://dogstagram-c8myob4rn-jerrykapa.vercel.app/,1
https://signin.broker/BqHpjz7odUsi,1
https://loginservice.cloud/McdXomgM3-Ge,1
https://sso-auth.com/ELtmQoMHY7GouQ,1
https://sso-auth.com/BYENCS1E1TgpvfU,1
https://www.o-shop.com/pl/menu/przeciwsloneczne/sport/radar-ev/radar-ev-path-6265.html,1
https://sso-auth.com/ObSz5TvFRVwgiC-8Ug,1
https://sso-auth.com/Dfy0igLyXAe1LGJfZg,1
https://sso-auth.com/35g7PYaINoo,1
https://sso-auth.com/0DAOSy6iTSYGP1M,1
https://sso-auth.com/AkQLRKxV2Ro,1
https://dragon-gen-moon.vercel.app/,1
https://sso-auth.com/O-XLs-zgdv5giHo,1
https://loginservice.cloud/K5hb7vn0lNl4,1
https://authentication.ms/3X8W4SVI_kM,1
https://signin.broker/lcaP_QQD3aYxE38XRA,1
https://notifyhubss.net/d418abadf787364c8dpbeb23a8c2281b2b86.html,1
https://www.o-shop.com/en/menu/sunglasses/sport/radar-ev/radar-ev-path-6265.html,1
https://netfimarketing.com/xfb4ee33a06f054ca0ub4cef9b6q56a0e447.html,1
https://auth.properties/VIOARF55y-kE,1
https://netfimarketing.com/x038b2cdb059cb4cccua1060841q4a690290.html,1
https://sso-security.com/siyNGmcGTLr5,1
https://auth.properties/Dvc7Mt3_df1vLw,1
https://netfimarketing.com/x9ffa7eef0df324aeaua9b3487cqaf1a4c2c.html,1
https://sso-auth.com/EqABV5aMfl7n1eyEtA,1
https://notifyhubss.net/deaa2704a7d3044fedpaf103403261c782ae.html,1
https://netfimarketing.com/xe82ea420088074509ua853575eq4bd81d8d.html,1
https://netfimarketing.com/xbc185b6903dfb4a57u9bee64d4q12bfd0db.html,1
https://netfimarketing.com/xb2c58bcf0811d4310u8400a673qa41befe4.html,1
http://offers.partner-connect-marketing.com/,1
https://netfimarketing.com/x353111b1007214532u90f3da10qbf6a5663.html,1
http://gov-db635f70-zlimbra-4528-48ac-6460e3.netlify.app/zm/,1
https://135461223.site/sv/405/166460b7-bd22-46e6-b5cc-6af0b57af552/724124/x,1
https://135461223.site/sv/405/166460b7-bd22-46e6-b5cc-6af0b57af552/724124,1
https://netfimarketing.com/xe4922ad90c02649c7u81a7c1ddq43a3e001.html,1
http://geminibalence.zeabur.app/,1
https://cleveland.pythonanywhere.com/user/login/,1
http://co-web-whatsapp.hl.cn/,1
http://jiolatest.vercel.app/,1
http://solaxytokenn.pages.dev/,1
https://mypost.zqodld.homes/au/service/22/,1
https://www.netflix-clone-project-by-using-html-and-css.vercel.app/,1
https://thunder-slate-lunar.vercel.app/,1
https://www.francesskinprescott.com/,1
https://booking-clone-next-js.vercel.app/,1
http://www.booking-clone-next-js.vercel.app/,1
https://www.robiox.com.py/users/424334314582/profile,1
https://robiox.com.af/users/5715183558/profile,1
https://sahansabah.github.io/netflix-responsive,1
https://www.roblox.com.ml/communities/7867605234/Ml-doaes,1
https://kleinanzeigen.klein-an.pro/order/merchant/09ZMEHZdcFi7/?bank&country_code=TW,1
https://star-astro-one.vercel.app/,1
https://actlife.com/kohnkast/auth/index.php/,1
https://ledgzxa-0nmkbl.pages.dev/,1
https://atulrawat7362-cmyk.github.io/netflixcone/,1
http://f.digitalmaillane.com/igit/4/268soufTvgo1ect3jdT8ivT99s191T9uiTgf7Tq3TjTc,1
https://roblox.com.ge/communities/6261588186/,1
https://intranetmelipilla.cl/melipillactiva.intranetmelipilla.cl/exports/kita-new.html,1
https://www.robiox.com.py/users/136879034364/profile,1
http://sisreconowfatuher.fwh.is/,1
https://shruman07.github.io/NETFLIX-CLONE/,1
https://aayush4725.github.io/,1
https://roblox.com.py/users/1097787448/profile,1
https://www.borderclick.com/BC/media/Borderclick/robuxa2026histas.html,1
https://roblox.com.ge/users/2392720665/profile,1
https://roblox.com.ge/users/8588983810/profile,1
http://amazon-clone-zeta-bice.vercel.app/,1
https://cyber-lunar-green.vercel.app/,1
http://fatmaciba-cpu.github.io/javascript-search-filter,1
https://selalu.me/rtNrqq,1
https://roblox.com.ly/users/2114435430/profile,1
https://icloudbusca.support/expire/?5,1
https://icloudbusca.support/,1
https://aumenttojasolicite.s3.us-east-005.backblazeb2.com/aumento.html,1
https://aumentofelizja.s3.us-east-005.backblazeb2.com/aumento.html,1
https://classicinema.pl/slpw/jQuery/kr/login.php,1
https://i-votesupport.netlify.app/user/index_home2,1
https://sky-viper-power.vercel.app/,1
http://mmyjjj.netlify.app/,1
https://roblox.com.ge/games/82411157766911/Weird-Sussy-Game-XMAS-UPDATE?privateServerLinkCode=49191952811160012246320217477835,1
http://61942.xyz/,1
https://denizboztpe34-sudo.github.io/Netflix-Clone/,1
https://www.babirandonneur.org/babirandosite/templates/beez3/css/roundcube_updated/index.php?email=3mail@a.b.c0,1
http://nexustocanada.com/old_files/za,1
https://delta-bronze-gamma.vercel.app/,1
http://www.61955.xyz/,1
http://netflix-clone-cyan-nine.vercel.app/,1
https://www.robiox.com.py/games/920587237/Adopt-Me?privateServerLinkCode=757155307936962981911335011558,1
https://www.dhlservicepoints.ch/de/paket-oder-packchen-nach-vietnam/,1
https://ahmed-qureshi-dev.github.io/NETFLIX-HERO-PAGE/,1
https://www.tagrodovias.athrosauditores.site/,1
https://www.digitalvias.athrosauditores.site/,1
http://www.digitalvias.com.br/,1
https://roblox.com.kz/games/17720162456/Sorcerer-Tower-Defense?privateServerLinkCode=97332333231311382492313822293436,1
http://mail.esmedicare.com/login.php,1
https://mannan2010.github.io/insta.design/,1
https://mannan2010.github.io/insta.design,1
http://1d018414-0a7e-4fa8-8adc-234f631939b7-00-1i7xop7udlg49.worf.replit.dev/,1
http://senarai.b-live.biz.id/05,1
https://classicinema.pl/slpw/jQuery/kr/index.php,1
https://www.robiox.com.py/users/336577359105/profile,1
https://roblox.com.ge/games/1537690962/Bee-Swarm-Simulator?privateServerLinkCode=37205603604427914766433303234493,1
http://globalmartify-sg.top/,1
https://grove-storm-rush.vercel.app/,1
https://kucoin-logi-en.webflow.io/,1
https://k5ahmfv2rx.tiffney1.workers.dev/,1
https://m.tiktokshop.work/,1
https://aliensmart.com.br/dataserver/Captcha.htm?eta=3mail@a.b.c0,1
https://google.yywjd.eu.org/,1
https://buscarapple.live/?i=ZCGA3,1
https://x104s.xyz/,1
https://lnk.ink/www.robIox.com.users-8561570814.profile,1
https://www.instalanding.vercel.app/,1
http://www.reimagined-journey-alpha.vercel.app/,1
https://www.special-octo-winner-seven.vercel.app/,1
https://blockbook-vtc-2.nodes.zelcore.io/,1
https://tiktok.tnzmedia.com/login,1
https://tiktok.tnzmedia.com/,1
http://wholesale.jxnxs.net/wap/,1
http://netflix-clone-qu144p5yp-lumiereproductions.vercel.app/,1
https://www.roblox.com.ml/communities/7285220978/MillaStudioGFX,1
https://m-facebookk.com.vn/7subuqw4m07?v,1
https://cosmic-vortex-cyber.vercel.app/,1
https://allegrolokalnie.pl-919060.icu/oferta/simson-s51-4biegowy-do-remontu-silnik/48492,1
https://forsale.dynadot.com/evneural.com?drefid=2071,1
https://j1y4.github.io/netflix,1
https://qrco.de/bgckkm,1
https://qrco.de/bgcLYm,1
https://l.ead.me/bgceVy,1
https://qrco.de/bgceVy,1
https://q-r.to/bgcpBZ,1
https://qrco.de/bgcpBZ,1
https://oki.jtu.mybluehost.me/wp-includes/blocks/archives/dhl/SEKK74/,1
https://www.roblox.com.ml/users/2275407919/profile,1
https://roblox.com.ge/games/123422576120953/Garden-Horizons-Official-Released?privateServerLinkCode=68997319060986271220991725615795,1
https://roblox0.com/games/102168567330694/Character-Talk?privateServerLinkCode=63080031054373322259689071661153,1
https://steel-real-alpha.vercel.app/,1
https://avancepromotoraf.activox.com.br/ann/anz/customer_center/user-398598/login.php,1
http://log-in-uphold-com.webflow.io/,1
https://chaitali4141.github.io/Netflix/,1
https://kartik-builds.github.io/Netflix_Clone/,1
http://huldupp-lagan.godaddysites.com/,1
https://nagarajshinde07.github.io/Amazone-clone/,1
http://meta-maskloig.godaddysites.com/,1
https://coiinbse.zapier.app/,1
https://s.teamqm.world/p/awi-gfl/cvjdeorp/,1
https://pdfdocumentviewerdfghrdf.vercel.app/,1
http://www.pdfdocumentviewerdfghrdf.vercel.app/,1
http://aktifkanpaylaterll.vlue.my.id/,1
https://web-whsatsapp.com/,1
https://hsbc.ratereset.net/customer/,1
https://hsbc.ratereset.net/,1
https://helix-hyper-flow.vercel.app/,1
http://www.roblox.com.ml/users/6639253456/profile/,1
http://g68r.xyz/,1
http://uphuld-loggun.godaddysites.com/,1
https://roblox.com.ge/users/6073553266/profile,1
https://bafkreidc5owqhqffk566izwslyhcdn5jczscuf2vppv37h7sb4e66usxhi.ipfs.dweb.link/,1
https://coinnsqqwarelogin.webflow.io/,1
https://avancepromotoraf.activox.com.br/pai/redi.php,1
https://www.robiox.com.py/users/315008694661/profile,1
https://yuganshjoshi.github.io/web-dev-landingpage/,1
https://helix-storm-swift.vercel.app/,1
https://my6363636.github.io/Rashid-darcit/,1
https://utyer68register993.42web.io/,1
https://roblox.com.ge/users/7616081955/profile,1
https://ipfs.io/ipfs/bafybeicydaf5ucorhk4asyz5uvx3nlqvsibewnp7qulwg2ztsxma255zke,1
https://roblox.com.ly/users/4439805428/profile,1
https://www.roblox.com.ml/communities/2698998789/Freedonets,1
http://f.digitalmaillane.com/igit/4/c44val3Y16h930hs82YltjYp0kzec2Yid7Y54wYfsY8Y1,1
http://mandirienergikonsultan.com/,1
https://salimafilmina.wixsite.com/website-copy-copy,1
https://beysdollhouse.com/auth/index.php/,1
https://instalanding.vercel.app/,1
https://robiox.com.af/games/920587237/Adopt-Me?privateServerLinkCode=60244566681741226644244064529653,1
http://hutanlindung.putunesimbah.de/,1
https://roblox.com.ly/games/2788229376/Da-Hood?privateServerLinkCode=02576915629402533122884233588601,1
http://www.is.gd/9uNC6Z/,1
https://www.robiox.com.ps/games/15532962292/Sols-RNG-Christmas?privateServerLinkCode=42770313388200437807457781113135,1
https://rad.godprox.cc/go/13c413/y29403,1
https://is.gd/RtkzFU,1
https://roblox.com.ge/users/2402518806/profile,1
https://roblox.com.ge/users/538029492/profile,1
https://ahmedsiddiqui1948-tech.github.io/Amazon-clone/,1
https://haris-al-hanafi.github.io/Netflix-Clone/,1
https://student-jss.github.io/AmazonClone/,1
https://netfimarketing.com/x3df413c60c7dd427eu9e40382dqf5f2025c.html,1
https://gminimilognix.gitbook.io/,1
https://shaikayaz9.github.io/Netflix-website-clone/,1
https://roblox.com.ge/users/6428974174/profile,1
https://roblox.com.ge/users/4338852728/profile,1
https://roblox.com.ge/communities/8768638671/about,1
https://roblox.gf/communities/6410134539/,1
https://roblox.com.ge/users/1715398750/profile,1
https://roblox.com.ge/communities/7183985142/,1
https://roblox.com.py/users/8936583929/profile,1
https://roblox.com.ge/users/1984242979/profile,1
https://www.robiox.com.py/users/377169018736/profile,1
https://gulfamkhan77309.github.io/Netflix-ui-clone/,1
https://kuokinlogon.webflow.io/,1
https://httpx-www-roblox.com/users/402592650/profile,1
https://roblox.com.ge/users/1216107968/profile,1
https://exxoduss-web3-get-io.pages.dev/,1
https://roblox.com.ml/communities/1719546655/xsageclothes,1
https://www.robiox.com.py/users/301496336806/profile,1
https://roblox.com.ge/games/115750153691772/VILLAGE-NEKO-COURAGE-UPDATE?privateServerLinkCode=07063495291398372237196428445235,1
https://roblox.gf/users/4439805428/profile,1
https://roblox.com.ge/communities/9524862475/,1
https://www.roblox.com.ml/users/8095535629/profile,1
https://shivamk15493.github.io/Instagram-Clone-Site-/,1
https://roblox.com.py/communities/6950868583/,1
https://www.robiox.com.py/users/166376575652/profile,1
https://www.roblox.com.ml/communities/1530984004/PinkybearycuteGroup2,1
http://m365stage.wpengine.com/css/wp-signup.php,1
https://aamnanoreen2.github.io/Netflix_C/,1
https://www.tiktoklog.vercel.app/,1
https://notifyhubss.net/d04e423427d137479apa652bc532817ada3c.html,1
https://www.robiox.com.py/users/332411878850/profile,1
https://www.google.com,0
https://www.microsoft.com,0
https://www.apple.com,0
https://www.github.com,0
https://www.amazon.com,0
https://www.facebook.com,0
https://www.netflix.com,0
https://www.paypal.com,0
https://www.cnn.com,0
https://www.wikipedia.org,0
https://www.duckduckgo.com,0
https://www.reddit.com,0
https://www.linkedin.com,0
https://www.twitter.com,0
https://www.instagram.com,0
